Source,Target,Weight
Сталин,отряда,48
Сталин,тов,22
Сталин,отряд,21
Сталин,г,21
Сталин,федоров,12
Сталин,соединения,12
Сталин,партизанского,12
Сталин,1943,12
Сталин,под,10
Сталин,1,9
Сталин,соединение,7
Сталин,после,7
Сталин,отряду,7
Сталин,ноября,7
Сталин,командиром,7
Сталин,партизанское,6
Сталин,7,6
Сталин,федорова,5
Сталин,сейчас,5
Сталин,приказ,5
Сталин,партии,5
Сталин,мая,5
Сталин,командованием,5
Сталин,й,5
Сталин,дня,5
Сталин,года,5
Сталин,г.в,5
Сталин,штаба,4
Сталин,штаб,4
Сталин,сталина,4
Сталин,отрядом,4
Сталин,отряде,4
Сталин,организации,4
Сталин,области,4
Сталин,нашей,4
Сталин,начальником,4
Сталин,назначен,4
Сталин,лет,4
Сталин,борьбы,4
Сталин,бой,4
Сталин,балицкого,4
Сталин,а.ф,4
Сталин,9,4
Сталин,25,4
Сталин,2,4
Сталин,января,4
Сталин,рассказом,4
Сталин,потрясена,4
Сталин,москва,4
Сталин,моим,4
Сталин,метро,4
Сталин,кремль,4
Сталин,являются,3
Сталин,является,3
Сталин,ю,3
Сталин,черниговского,3
Сталин,человек,3
Сталин,советского,3
Сталин,сказал,3
Сталин,сентября,3
Сталин,руководством,3
Сталин,роты,3
Сталин,роту,3
Сталин,ровно,3
Сталин,речь,3
Сталин,радио,3
Сталин,противника,3
Сталин,пришел,3
Сталин,пора,3
Сталин,понятно,3
Сталин,партизаны,3
Сталин,партизанскому,3
Сталин,партизанам,3
Сталин,очень,3
Сталин,отряды,3
Сталин,немцы,3
Сталин,между,3
Сталин,марта,3
Сталин,колосова,3
Сталин,имя,3
Сталин,ж,3
Сталин,ела,3
Сталин,движение,3
Сталин,го,3
Сталин,врага,3
Сталин,войны,3
Сталин,войне,3
Сталин,бойцов,3
Сталин,балицкий,3
Сталин,августа,3
Сталин,militera.lib.ru,3
Сталин,http,3
Сталин,db,3
Сталин,balitsky_gv01,3
Сталин,406,3
Сталин,1944,3
Сталин,1942,3
Сталин,смотрел,3
Сталин,после,3
Сталин,под,3
Сталин,красной,3
Сталин,говорил,3
Сталин,2,3
Сталин,1,3
Сталин,яшкой,2
Сталин,энергией,2
Сталин,численность,2
Сталин,четверть,2
Сталин,черниговской,2
Сталин,через,2
Сталин,часть,2
Сталин,части,2
Сталин,час,2
Сталин,ценой,2
Сталин,хрущев,2
Сталин,хотя,2
Сталин,характеристика,2
Сталин,фронта,2
Сталин,фронт,2
Сталин,федорович,2
Сталин,февраля,2
Сталин,ушпд,2
Сталин,утром,2
Сталин,утра,2
Сталин,украины,2
Сталин,уверен,2
Сталин,тылу,2
Сталин,также,2
Сталин,строкач,2
Сталин,строк,2
Сталин,стратегическое,2
Сталин,стратегические,2
Сталин,ставить,2
Сталин,срывают,2
Сталин,союза,2
Сталин,состав,2
Сталин,создать,2
Сталин,соединению,2
Сталин,соединением,2
Сталин,содержания,2
Сталин,собрал,2
Сталин,слушали,2
Сталин,следующего,2
Сталин,силой,2
Сталин,сегодня,2
Сталин,сдаваться,2
Сталин,санитарные,2
Сталин,рейд,2
Сталин,расстрелы,2
Сталин,район,2
Сталин,работу,2
Сталин,пусть,2
Сталин,прошу,2
Сталин,прошел,2
Сталин,проскользнуло,2
Сталин,продолжаются,2
Сталин,провело,2
Сталин,проведено,2
Сталин,принял,2
Сталин,приказе,2
Сталин,приказа,2
Сталин,предназначена,2
Сталин,правительства,2
Сталин,правильную,2
Сталин,пополнялись,2
Сталин,пополнение,2
Сталин,получив,2
Сталин,полностью,2
Сталин,полководца,2
Сталин,политработниками,2
Сталин,позже,2
Сталин,поздравляю,2
Сталин,подтекст,2
Сталин,подготовили,2
Сталин,пленных,2
Сталин,перед,2
Сталин,первым,2
Сталин,первомайского,2
Сталин,очевидно,2
Сталин,отступление,2
Сталин,отечественной,2
Сталин,основной,2
Сталин,октября,2
Сталин,оживится,2
Сталин,ов,2
Сталин,областного,2
Сталин,ночью,2
Сталин,николаем,2
Сталин,несомненно,2
Сталин,несмотря,2
Сталин,начало,2
Сталин,националисты,2
Сталин,настроение,2
Сталин,народа,2
Сталин,написал,2
Сталин,мое,2
Сталин,много,2
Сталин,мельника,2
Сталин,матери,2
Сталин,м.и,2
Сталин,людей,2
Сталин,ли,2
Сталин,ленина,2
Сталин,кроме,2
Сталин,кп,2
Сталин,комиссаром,2
Сталин,комиссар,2
Сталин,командование,2
Сталин,командирами,2
Сталин,командир,2
Сталин,колонне,2
Сталин,кирова,2
Сталин,квинтэссенция,2
Сталин,кавэскадрон,2
Сталин,июля,2
Сталин,именем,2
Сталин,изматыванием,2
Сталин,затем,2
Сталин,занятия,2
Сталин,забыл,2
Сталин,жаловались,2
Сталин,елезно,2
Сталин,дорогие,2
Сталин,доклад,2
Сталин,диверсионную,2
Сталин,дело,2
Сталин,двухлетием,2
Сталин,дать,2
Сталин,группы,2
Сталин,говорят,2
Сталин,главным,2
Сталин,гитлера,2
Сталин,где,2
Сталин,выручать,2
Сталин,второй,2
Сталин,ворошилова,2
Сталин,вождя,2
Сталин,вместе,2
Сталин,вечером,2
Сталин,вести,2
Сталин,великой,2
Сталин,великого,2
Сталин,вели,2
Сталин,вел,2
Сталин,века,2
Сталин,боятся,2
Сталин,борются,2
Сталин,борьбе,2
Сталин,большие,2
Сталин,большей,2
Сталин,более,2
Сталин,боевых,2
Сталин,боевые,2
Сталин,боевой,2
Сталин,батальоном,2
Сталин,б,2
Сталин,атаку,2
Сталин,армии,2
Сталин,андиру,2
Сталин,алексей,2
Сталин,авиации,2
Сталин,августе,2
Сталин,6.3,2
Сталин,5,2
Сталин,303,2
Сталин,3,2
Сталин,28,2
Сталин,200,2
Сталин,20,2
Сталин,1941,2
Сталин,18,2
Сталин,16,2
Сталин,16,2
Сталин,14,2
Сталин,13,2
Сталин,12,2
Сталин,явилось,2
Сталин,части,2
Сталин,целое,2
Сталин,хочет,2
Сталин,успехов,2
Сталин,ударной,2
Сталин,событиях,2
Сталин,сливались,2
Сталин,слегка,2
Сталин,сказал,2
Сталин,семилетняя,2
Сталин,своем,2
Сталин,светлана,2
Сталин,руководил,2
Сталин,россия,2
Сталин,россию,2
Сталин,речь,2
Сталин,расспрашивала,2
Сталин,простой,2
Сталин,привет,2
Сталин,представлении,2
Сталин,пор,2
Сталин,полководец,2
Сталин,пока,2
Сталин,пожелал,2
Сталин,пехотой,2
Сталин,передал,2
Сталин,парад,2
Сталин,ответственная,2
Сталин,ответить,2
Сталин,обрюзглое,2
Сталин,области,2
Сталин,ничего,2
Сталин,непоколебимо,2
Сталин,немыслимо,2
Сталин,неграмотен,2
Сталин,нашей,2
Сталин,нашего,2
Сталин,наступлении,2
Сталин,направлял,2
Сталин,навсего,2
Сталин,москве,2
Сталин,курносый,2
Сталин,курносенькая,2
Сталин,коммунисты,2
Сталин,коммунизм,2
Сталин,кировской,2
Сталин,кинофильме,2
Сталин,й,2
Сталин,задача,2
Сталин,завод,2
Сталин,доклада,2
Сталин,дальнейших,2
Сталин,говорят,2
Сталин,го,2
Сталин,гитлер,2
Сталин,где,2
Сталин,вятской,2
Сталин,войны,2
Сталин,вождь,2
Сталин,военного,2
Сталин,вмф,2
Сталин,видим,2
Сталин,великий,2
Сталин,вареньем,2
Сталин,25,2
Сталин,тяжело,2
Сталин,текст,2
Сталин,родине,2
Сталин,пути,2
Сталин,як'и,1
Сталин,юрковичах,1
Сталин,эшелона,1
Сталин,эпохи,1
Сталин,энное,1
Сталин,шукаева,1
Сталин,шукаев,1
Сталин,шел,1
Сталин,чорноморчик,1
Сталин,члена,1
Сталин,читают,1
Сталин,читаем,1
Сталин,численностью,1
Сталин,четвертый,1
Сталин,черчилля,1
Сталин,черчиллю,1
Сталин,черчиллем,1
Сталин,чертовская,1
Сталин,черниговско,1
Сталин,часов,1
Сталин,чапаева,1
Сталин,целью,1
Сталин,хут,1
Сталин,христа,1
Сталин,хрен,1
Сталин,хочется,1
Сталин,хорошо,1
Сталин,хорошие,1
Сталин,ход,1
Сталин,фронту,1
Сталин,фронтовой,1
Сталин,фронте,1
Сталин,форсировать,1
Сталин,финской,1
Сталин,федорову,1
Сталин,фашизмом,1
Сталин,фамилий,1
Сталин,фактически,1
Сталин,уходя,1
Сталин,утешительная,1
Сталин,установили,1
Сталин,уровне,1
Сталин,упоминания,1
Сталин,умелое,1
Сталин,улетел,1
Сталин,украинцами,1
Сталин,украинского,1
Сталин,указание,1
Сталин,узнали,1
Сталин,удар,1
Сталин,тяжелом,1
Сталин,тыл,1
Сталин,тт,1
Сталин,трудовых,1
Сталин,трудах,1
Сталин,тремя,1
Сталин,тревога,1
Сталин,традиции,1
Сталин,торжественное,1
Сталин,тонах,1
Сталин,тол,1
Сталин,тишина,1
Сталин,ти,1
Сталин,территории,1
Сталин,темы,1
Сталин,тему,1
Сталин,тема,1
Сталин,телеграмму,1
Сталин,татищеве,1
Сталин,тарасенко,1
Сталин,там,1
Сталин,талантливый,1
Сталин,таковой,1
Сталин,т.а,1
Сталин,сын,1
Сталин,сша,1
Сталин,счет,1
Сталин,сходило,1
Сталин,сумели,1
Сталин,стремился,1
Сталин,стрельбой,1
Сталин,стрелкового,1
Сталин,страшного,1
Сталин,страшная,1
Сталин,страну,1
Сталин,страниц,1
Сталин,стоянке,1
Сталин,стояла,1
Сталин,стою,1
Сталин,столовой,1
Сталин,стирали,1
Сталин,старший,1
Сталин,стариков,1
Сталин,стало,1
Сталин,сталинцы,1
Сталин,стали,1
Сталин,стала,1
Сталин,стал,1
Сталин,ст,1
Сталин,ссылаясь,1
Сталин,ссср,1
Сталин,сражается,1
Сталин,сравнительно,1
Сталин,спросил,1
Сталин,справили,1
Сталин,спокойную,1
Сталин,спать,1
Сталин,спасибо,1
Сталин,спасать,1
Сталин,союз,1
Сталин,составом,1
Сталин,сообщили,1
Сталин,сообщил,1
Сталин,солдату,1
Сталин,солдат,1
Сталин,создали,1
Сталин,соединении,1
Сталин,совпало,1
Сталин,совещании,1
Сталин,совету,1
Сталин,советской,1
Сталин,советских,1
Сталин,событие,1
Сталин,собрали,1
Сталин,снижает,1
Сталин,смысл,1
Сталин,смерти,1
Сталин,смену,1
Сталин,слушаем,1
Сталин,слуг,1
Сталин,словакия,1
Сталин,слева,1
Сталин,слаще,1
Сталин,слабости,1
Сталин,скончался,1
Сталин,сказано,1
Сталин,ск,1
Сталин,синюху,1
Сталин,симптоматично,1
Сталин,сильный,1
Сталин,силы,1
Сталин,сжег,1
Сталин,сестры,1
Сталин,серьезно,1
Сталин,середины,1
Сталин,сегодняшнего,1
Сталин,северную,1
Сталин,сделал,1
Сталин,священной,1
Сталин,связывается,1
Сталин,связано,1
Сталин,своим,1
Сталин,свой,1
Сталин,сверхоптимистическое,1
Сталин,сафоновым,1
Сталин,самые,1
Сталин,самолетов,1
Сталин,самолете,1
Сталин,самодеятельность,1
Сталин,сальникова,1
Сталин,русь,1
Сталин,русские,1
Сталин,руководство,1
Сталин,руках,1
Сталин,рузвельтом,1
Сталин,ротой,1
Сталин,роте,1
Сталин,рота,1
Сталин,россии,1
Сталин,романовым,1
Сталин,рожева,1
Сталин,роднящие,1
Сталин,родину,1
Сталин,ржаной,1
Сталин,решил,1
Сталин,решетько,1
Сталин,решении,1
Сталин,речи,1
Сталин,резко,1
Сталин,резервы,1
Сталин,редьки,1
Сталин,ребята,1
Сталин,реабилитирован,1
Сталин,рацию,1
Сталин,растеряны,1
Сталин,расположение,1
Сталин,рано,1
Сталин,раненых,1
Сталин,районах,1
Сталин,района,1
Сталин,разрешил,1
Сталин,разместились,1
Сталин,разжигают,1
Сталин,разгрузкой,1
Сталин,развеять,1
Сталин,развеселить,1
Сталин,разбойниками,1
Сталин,раз,1
Сталин,радиограмму,1
Сталин,работе,1
Сталин,работаю,1
Сталин,р,1
Сталин,путь,1
Сталин,пустил,1
Сталин,пуская,1
Сталин,пулеметный,1
Сталин,прошло,1
Сталин,прошелся,1
Сталин,процессе,1
Сталин,проходя,1
Сталин,проходил,1
Сталин,противником,1
Сталин,противник,1
Сталин,против,1
Сталин,просьбой,1
Сталин,просто,1
Сталин,прокопюка,1
Сталин,произошло,1
Сталин,произошла,1
Сталин,произведено,1
Сталин,пройденный,1
Сталин,продукция,1
Сталин,проводить,1
Сталин,проводим,1
Сталин,провел,1
Сталин,пришлось,1
Сталин,пришло,1
Сталин,причина,1
Сталин,причем,1
Сталин,приходилось,1
Сталин,присягу,1
Сталин,прислать,1
Сталин,присвоено,1
Сталин,присвоение,1
Сталин,припять,1
Сталин,принято,1
Сталин,призыв,1
Сталин,приехал,1
Сталин,приемника,1
Сталин,приезжаю,1
Сталин,приданными,1
Сталин,приданной,1
Сталин,приветом,1
Сталин,привести,1
Сталин,прешев,1
Сталин,предупредил,1
Сталин,представления,1
Сталин,предсказан,1
Сталин,предмет,1
Сталин,предложению,1
Сталин,предвидел,1
Сталин,преданные,1
Сталин,працун,1
Сталин,практически,1
Сталин,празднованию,1
Сталин,праздничек,1
Сталин,праздника,1
Сталин,праздник,1
Сталин,правобережной,1
Сталин,правительственной,1
Сталин,правильной,1
Сталин,пошел,1
Сталин,почти,1
Сталин,почитал,1
Сталин,почему,1
Сталин,походная,1
Сталин,потому,1
Сталин,потом,1
Сталин,построил,1
Сталин,построенная,1
Сталин,поставлено,1
Сталин,поставлена,1
Сталин,поставил,1
Сталин,послать,1
Сталин,послал,1
Сталин,поселить,1
Сталин,посвященный,1
Сталин,посвященном,1
Сталин,пору,1
Сталин,попудренко,1
Сталин,понимал,1
Сталин,помощника,1
Сталин,помочь,1
Сталин,помня,1
Сталин,помешать,1
Сталин,пометкой,1
Сталин,поляками,1
Сталин,получить,1
Сталин,получился,1
Сталин,получило,1
Сталин,получил,1
Сталин,положительном,1
Сталин,положении,1
Сталин,полный,1
Сталин,полководцы,1
Сталин,полководец,1
Сталин,политработников,1
Сталин,политическом,1
Сталин,политический,1
Сталин,политику,1
Сталин,политике,1
Сталин,политзанятии,1
Сталин,политзанятие,1
Сталин,полесской,1
Сталин,полагается,1
Сталин,позорил,1
Сталин,поздравить,1
Сталин,поздравительную,1
Сталин,позднее,1
Сталин,позвонил,1
Сталин,позволю,1
Сталин,позавтракали,1
Сталин,поехать,1
Сталин,подрывником,1
Сталин,подразделениями,1
Сталин,подпись,1
Сталин,подписал,1
Сталин,подобное,1
Сталин,подлец,1
Сталин,поддержки,1
Сталин,подготовленные,1
Сталин,подготовку,1
Сталин,подготовкой,1
Сталин,подбив,1
Сталин,погорелый,1
Сталин,повестке,1
Сталин,поведем,1
Сталин,площадью,1
Сталин,письмо,1
Сталин,писать,1
Сталин,пили,1
Сталин,печати,1
Сталин,петровскую,1
Сталин,песни,1
Сталин,перспективы,1
Сталин,переход,1
Сталин,перетаскивать,1
Сталин,переправе,1
Сталин,перепечатывая,1
Сталин,переносит,1
Сталин,переименованное,1
Сталин,перейти,1
Сталин,переживание,1
Сталин,передовые,1
Сталин,передислокации,1
Сталин,первомайском,1
Сталин,первомайский,1
Сталин,первая,1
Сталин,партию,1
Сталин,партизану,1
Сталин,партизанском,1
Сталин,партизанской,1
Сталин,партизанским,1
Сталин,партизанская,1